2022-12-26 01:05:49,No Comments,Drone,413,4374 Pennsylvania Court,zvKlEq9IsY3C92j429O1
2022-07-05 12:02:15,No Comments,Drone,367,4374 Pennsylvania Court,rUW1HmROe7E3sjWVqeCg
2023-01-02 23:30:18,No Comments,Equipment,228,4374 Pennsylvania Court,Y8Msbpd3ldTkoFW2n7sd
2022-04-30 09:22:49,No Comments,Equipment,210,4374 Pennsylvania Court,XjLKjp7K8q4XIAKkB7ws
2022-06-15 20:40:54,No Comments,Equipment,695,4374 Pennsylvania Court,ZrQSWXFpaBiPpubDdWrv
2022-10-23 05:43:31,No Comments,Equipment,121,4374 Pennsylvania Court,eGLTS8f6WuGgzDv0pi9a
2022-11-29 22:23:20,No Comments,Drone,310,73392 Redwing Hill,Ioo8dZ3aSiBYm7hLJETD
2022-12-22 13:48:37,No Comments,Equipment,138,73392 Redwing Hill,zz6T3NyH1mLPEgkkvlhN
2022-08-12 06:31:35,No Comments,Equipment,133,73392 Redwing Hill,s6hi3J8N1GpMT0k2R4mu
2023-01-07 19:51:47,No Comments,Equipment,986,73392 Redwing Hill,4B5vI4gVMn9pmRr1JEVy
2022-12-06 03:01:27,No Comments,Equipment,747,73392 Redwing Hill,9ZEa1OWJKBptfdFk5V8o
2022-10-11 09:04:51,No Comments,Drone,907,98409 Artisan Terrace,Me5mWYX7x3dUJ2aFR66z
2022-05-11 22:42:05,No Comments,Drone,427,98409 Artisan Terrace,F3Z693Dym7ZRc7AlQvqR
2022-11-24 04:49:41,No Comments,Equipment,709,98409 Artisan Terrace,MBeoRSk203VRPw3GNSY6
2022-05-16 00:14:29,No Comments,Equipment,199,98409 Artisan Terrace,0KaYL7emyjn5Zlxsm4uU
2022-10-02 19:58:20,No Comments,Equipment,224,98409 Artisan Terrace,K2r3SEd200wTZqWLbXQ2
2022-09-16 10:06:21,No Comments,Equipment,649,98409 Artisan Terrace,XeaNCSmQtQiXePiyHdJ3
2022-08-06 17:15:23,No Comments,Equipment,851,98409 Artisan Terrace,67C09BuwXXdMw7MxHBjM
2022-10-05 20:50:45,No Comments,Equipment,765,98409 Artisan Terrace,pSWO2Roi3KPfBWubIhh4
2022-03-30 00:53:58,No Comments,Equipment,543,98409 Artisan Terrace,yA2fOxXCJ3Bxk1lOaEEL
